"sample_id","created","pathogens","type","animal","anamnese","farm_id","country"
"1013","2020-09-28 10:49:48","{""Mycoplasmopsis bovirhinis"": 1}","balFluid","bovine","null","1734","BE"
"1033","2020-10-01 09:55:23","NULL","balFluid","bovine","null","1738","NL"
"1039","2020-10-01 10:08:45","{""Bibersteinia trehalosi"": 5, ""Mannheimia haemolytica"": 3}","balFluid","bovine","null","1738","NL"
"1113","2020-10-19 14:50:24","{""Mesomycoplasma dispar"": 1}","balFluid","bovine","null","1767","BE"
"1134","2020-10-22 08:48:27","{""Mesomycoplasma dispar"": 5}","balFluid","bovine","null","1773","BE"
"1135","2020-10-22 08:48:27","{""Mesomycoplasma dispar"": 3, ""Bovine parvovirus 3"": 1}","balFluid","bovine","null","1773","BE"
"1136","2020-10-22 08:48:27","{""Mesomycoplasma dispar"": 1, ""Ungulate tetraparvovirus 1"": 1}","balFluid","bovine","null","1773","BE"
"1137","2020-10-22 08:48:27","{""Mesomycoplasma dispar"": 5, ""Picobirnavirus"": 1, ""Ungulate tetraparvovirus 1"": 1}","balFluid","bovine","null","1773","BE"
"1138","2020-10-22 08:48:27","{""Mesomycoplasma dispar"": 5}","balFluid","bovine","null","1773","BE"
"1185","2020-10-30 16:24:09","{""Mesomycoplasma dispar"": 3}","balFluid","bovine","null","1783","BE"
"1229","2020-11-05 15:56:40","{""Mycoplasma"": 1}","balFluid","bovine","null","1795","BE"
"1339","2020-11-23 12:38:05","{""Pseudomonas"": 1}","balFluid","bovine","null","1818","BE"
"1340","2020-11-23 12:38:05","{""Pasteurella multocida"": 1, ""Mesomycoplasma dispar"": 3, ""Bovine rhinitis A virus"": 1}","balFluid","bovine","null","1818","BE"
"1408","2020-11-25 08:26:46","{""Bacteriële mengflora"": 3}","noseSwab","bovine","null","1824","BE"
"1556","2020-12-21 15:12:25","{""Pasteurella multocida"": 1, ""Mycoplasmopsis bovis"": 1}","noseSwab","bovine","null","1861","NL"
"1571","2020-12-23 13:29:00","NULL","balFluid","bovine","null","1866","BE"
"1584","2021-01-05 10:05:16","{""Pasteurella multocida"": 3, ""Bovine coronavirus"": 1, ""Metamycoplasma alkalescens"": 3, ""Mesomycoplasma dispar"": 3}","balFluid","bovine","null","1872","NL"
"1912","2021-01-25 13:58:50","{""Bovine orthopneumovirus"": 1, ""Mycoplasmopsis bovis"": 3, ""Mesomycoplasma dispar"": 1}","balFluid","bovine","null","1911","BE"
"1998","2021-02-05 11:57:31","{""Actinobacillus"": 1, ""Pasteurella multocida"": 1, ""Mesomycoplasma ovipneumoniae"": 5}","balFluid","bovine","null","1997","BE"
"2065","2021-02-10 20:50:18","{""Mycoplasmopsis bovirhinis"": 1}","balFluid","bovine","null","2064","BE"
"2336","2021-03-05 07:08:48","{""Mycoplasmopsis bovirhinis"": 1, ""Mesomycoplasma dispar"": 3}","balFluid","bovine","null","2335","BE"
"2373","2021-03-09 15:04:42","{""Pasteurella multocida"": 3, ""Ureaplasma"": 1, ""Mycoplasmopsis bovis"": 1, ""Mycoplasmopsis bovirhinis"": 1, ""Mesomycoplasma dispar"": 3, ""Picobirnavirus"": 1}","balFluid","bovine","null","2372","BE"
"2374","2021-03-09 15:04:42","{""Pasteurella multocida"": 3, ""Ureaplasma"": 1, ""Bovine coronavirus"": 1, ""Bovine orthopneumovirus"": 1, ""Mycoplasmopsis bovis"": 1, ""Mycoplasmopsis bovirhinis"": 3, ""Mesomycoplasma dispar"": 3, ""Bovine rhinovirus 1"": 1}","balFluid","bovine","null","2372","BE"
"2451","2021-03-17 16:12:25","{""Malacoplasma penetrans"": 1, ""Mycoplasmopsis bovis"": 1, ""Mycoplasmopsis bovirhinis"": 1, ""Metamycoplasma alkalescens"": 1, ""Mesomycoplasma dispar"": 3}","balFluid","bovine","null","2450","BE"
"2493","2021-03-19 20:04:07","{""Mycoplasma"": 1}","noseSwab","bovine","null","2492","BE"
"2629","2021-04-01 14:11:41","{""Pasteurella multocida"": 1, ""Bovine coronavirus"": 3, ""Mycoplasmopsis bovis"": 1, ""Mycoplasmopsis bovirhinis"": 3, ""Mesomycoplasma dispar"": 5}","balFluid","bovine","null","2628","BE"
"2730","2021-04-13 20:06:08","{""Ureaplasma"": 1, ""Bovine orthopneumovirus"": 5, ""Mycoplasmopsis bovis"": 3}","balFluid","bovine","null","2729","BE"
"2768","2021-04-16 14:05:55","{""Pseudomonas"": 5, ""Mycoplasmopsis bovirhinis"": 1, ""Mesomycoplasma dispar"": 5}","balFluid","bovine","null","2767","BE"
"2771","2021-04-16 14:09:53","{""Mesomycoplasma dispar"": 1}","balFluid","bovine","null","2770","BE"
"2886","2021-04-29 13:43:49","{""Ureaplasma"": 1, ""Bovine adenovirus 3"": 1, ""Mycoplasmopsis bovis"": 1, ""Mycoplasmopsis bovirhinis"": 1, ""Mesomycoplasma dispar"": 3}","balFluid","bovine","null","2885","BE"
"2901","2021-05-03 13:06:29","{""Clostridium"": 1, ""Bovine gammaherpesvirus 4"": 1, ""Mycoplasmopsis bovirhinis"": 1, ""Mesomycoplasma dispar"": 1}","balFluid","bovine","null","2900","BE"
"2993","2021-05-10 10:49:23","NULL","balFluid","bovine","null","2992","BE"
"3332","2021-06-08 14:39:47","{""Pasteurella multocida"": 1, ""Mycoplasmopsis arginini"": 3, ""Mycoplasmopsis bovis"": 1, ""Mesomycoplasma dispar"": 3, ""Picobirnavirus"": 1}","balFluid","bovine","null","3331","BE"
"4249","2021-09-01 15:31:51","{""Moraxella"": 1, ""Streptococcus"": 1, ""Mycoplasmopsis bovirhinis"": 1, ""Mannheimia"": 3, ""Picobirnavirus"": 1, ""Bovine papular stomatitis virus"": 5, ""Basfia succiniciproducens"": 5}","noseSwab","bovine","null","4248","BE"
"4252","2021-09-01 17:14:22","{""Bovine orthopneumovirus"": 5, ""Mycoplasmopsis bovirhinis"": 1, ""Mesomycoplasma dispar"": 5, ""Picobirnavirus"": 1}","noseSwab","bovine","null","4251","BE"
"4353","2021-09-14 10:39:46","{""Mesomycoplasma dispar"": 1, ""Bovine polyomavirus 2"": 1}","balFluid","bovine","null","4352","BE"
"4728","2021-10-11 16:04:13","{""Pasteurella multocida"": 1, ""Bovine coronavirus"": 5, ""Mycoplasmopsis bovis"": 1, ""Mycoplasmopsis bovirhinis"": 1, ""Mesomycoplasma dispar"": 5}","balFluid","bovine","{""respiration"": {""generalClinicalSigns"": [], ""respirationClinicalSigns"": [""sneezing""]}}","4727","BE"
"4809","2021-10-20 09:42:41","{""Mycoplasmopsis bovirhinis"": 1, ""Mesomycoplasma dispar"": 1}","balFluid","bovine","{""respiration"": {""generalClinicalSigns"": [""reducedRumenMotility""], ""respirationClinicalSigns"": [""dyspnea""]}}","4808","BE"
"4810","2021-10-20 09:42:41","{""Mesomycoplasma dispar"": 1}","balFluid","bovine","{""respiration"": {""generalClinicalSigns"": [""reducedRumenMotility""], ""respirationClinicalSigns"": [""dyspnea""]}}","4808","BE"
"4811","2021-10-20 09:42:41","{""Pasteurella multocida"": 3, ""Mycoplasmopsis bovirhinis"": 1, ""Mesomycoplasma dispar"": 3}","balFluid","bovine","{""respiration"": {""generalClinicalSigns"": [""reducedRumenMotility""], ""respirationClinicalSigns"": [""dyspnea""]}}","4808","BE"
"4812","2021-10-20 09:42:41","{""Mesomycoplasma dispar"": 5}","balFluid","bovine","{""respiration"": {""generalClinicalSigns"": [""reducedRumenMotility""], ""respirationClinicalSigns"": [""dyspnea""]}}","4808","BE"
"4813","2021-10-20 09:42:41","{""Mycoplasmopsis bovirhinis"": 1, ""Mesomycoplasma dispar"": 3}","balFluid","bovine","{""respiration"": {""generalClinicalSigns"": [""reducedRumenMotility""], ""respirationClinicalSigns"": [""dyspnea""]}}","4808","BE"
"4829","2021-10-21 17:14:12","{""Pasteurella"": 1, ""Malacoplasma penetrans"": 1, ""Mycoplasmopsis bovirhinis"": 1, ""Mesomycoplasma dispar"": 3}","balFluid","bovine","{""respiration"": {""generalClinicalSigns"": [""fever"", ""increasedMortality""], ""respirationClinicalSigns"": [""sneezing"", ""nasalDischarge"", ""coughing"", ""dyspnea""]}}","4828","BE"
"4832","2021-10-21 17:19:23","{""Bovine coronavirus"": 1, ""Malacoplasma penetrans"": 1, ""Mycoplasmopsis bovirhinis"": 1, ""Mesomycoplasma dispar"": 3, ""Picobirnavirus"": 1}","balFluid","bovine","{""respiration"": {""generalClinicalSigns"": [""fever""], ""respirationClinicalSigns"": [""sneezing"", ""nasalDischarge"", ""coughing"", ""dyspnea""]}}","4831","BE"
"4838","2021-10-25 08:39:07","NULL","balFluid","bovine","{""respiration"": {""generalClinicalSigns"": [""reducedRumenMotility""], ""respirationClinicalSigns"": [""dyspnea""]}}","4837","BE"
"4842","2021-10-25 08:40:21","NULL","balFluid","bovine","{""respiration"": {""generalClinicalSigns"": [""reducedRumenMotility""], ""respirationClinicalSigns"": [""dyspnea""]}}","4841","BE"
"4929","2021-10-29 10:09:56","{""Bovine parvovirus"": 1, ""Mycoplasmopsis bovirhinis"": 1, ""Chlamydia pecorum"": 5, ""Mesomycoplasma dispar"": 1}","balFluid","bovine","{""respiration"": {""generalClinicalSigns"": [""reducedRumenMotility""], ""respirationClinicalSigns"": [""dyspnea""]}}","4928","BE"
"4930","2021-10-29 10:09:56","{""Bovine parvovirus"": 1, ""Mycoplasmopsis bovirhinis"": 1, ""Mesomycoplasma dispar"": 5}","balFluid","bovine","{""respiration"": {""generalClinicalSigns"": [""reducedRumenMotility""], ""respirationClinicalSigns"": [""dyspnea""]}}","4928","BE"
"4931","2021-10-29 10:09:56","{""Mycoplasmopsis bovirhinis"": 1, ""Chlamydia pecorum"": 1, ""Mesomycoplasma dispar"": 5}","balFluid","bovine","{""respiration"": {""generalClinicalSigns"": [""reducedRumenMotility""], ""respirationClinicalSigns"": [""dyspnea""]}}","4928","BE"
"4973","2021-11-04 09:17:08","{""Bovine coronavirus"": 3, ""Mycoplasmopsis bovirhinis"": 5, ""Mesomycoplasma dispar"": 5}","balFluid","bovine","{""respiration"": {""generalClinicalSigns"": [""fever""], ""respirationClinicalSigns"": [""coughing""]}}","4972","BE"
"4974","2021-11-04 09:17:08","{""Bovine coronavirus"": 3, ""Mycoplasmopsis bovirhinis"": 1, ""Mesomycoplasma dispar"": 3}","balFluid","bovine","{""respiration"": {""generalClinicalSigns"": [""fever""], ""respirationClinicalSigns"": [""coughing""]}}","4972","BE"
"4975","2021-11-04 09:17:08","{""Bovine coronavirus"": 3, ""Mycoplasmopsis bovirhinis"": 1, ""Mesomycoplasma dispar"": 3}","balFluid","bovine","{""respiration"": {""generalClinicalSigns"": [""fever""], ""respirationClinicalSigns"": [""coughing""]}}","4972","BE"
"4976","2021-11-04 09:17:08","{""Pasteurella multocida"": 5, ""Bovine coronavirus"": 1, ""Mycoplasmopsis bovirhinis"": 3, ""Mesomycoplasma dispar"": 1}","balFluid","bovine","{""respiration"": {""generalClinicalSigns"": [""fever""], ""respirationClinicalSigns"": [""coughing""]}}","4972","BE"
"4994","2021-11-08 08:28:32","NULL","balFluid","bovine","{""respiration"": {""generalClinicalSigns"": [], ""respirationClinicalSigns"": [""dyspnea""]}}","4993","BE"
"5040","2021-11-10 08:01:06","{""Bovine coronavirus"": 1, ""Mycoplasmopsis bovirhinis"": 3, ""Mesomycoplasma dispar"": 3}","balFluid","bovine","{""respiration"": {""generalClinicalSigns"": [], ""respirationClinicalSigns"": [""coughing""]}}","5039","BE"
"5041","2021-11-10 08:01:06","{""Mesomycoplasma flocculare"": 1, ""Bovine coronavirus"": 1, ""Mycoplasmopsis bovirhinis"": 3, ""Mesomycoplasma dispar"": 5, ""Enterovirus G"": 1}","balFluid","bovine","{""respiration"": {""generalClinicalSigns"": [], ""respirationClinicalSigns"": [""coughing""]}}","5039","BE"
"5042","2021-11-10 08:01:06","{""Bovine coronavirus"": 1, ""Mycoplasmopsis bovirhinis"": 1, ""Mesomycoplasma dispar"": 5}","balFluid","bovine","{""respiration"": {""generalClinicalSigns"": [], ""respirationClinicalSigns"": [""coughing""]}}","5039","BE"
"5059","2021-11-10 16:28:03","{""Mycoplasmopsis bovirhinis"": 3, ""Mesomycoplasma dispar"": 5, ""Mamastrovirus"": 1, ""Flavisolibacter"": 3}","balFluid","bovine","{""respiration"": {""generalClinicalSigns"": [], ""respirationClinicalSigns"": [""coughing""]}}","5058","BE"
"5065","2021-11-10 16:31:20","{""Ureaplasma"": 1, ""Mycoplasmopsis bovirhinis"": 5, ""Mesomycoplasma dispar"": 5, ""Bovine rhinitis B virus"": 1}","noseSwab","bovine","{""respiration"": {""generalClinicalSigns"": [], ""respirationClinicalSigns"": [""coughing""]}}","5064","BE"
"5094","2021-11-12 11:27:02","{""Mycoplasmopsis bovis"": 1, ""Mycoplasmopsis bovirhinis"": 1, ""Mesomycoplasma dispar"": 3, ""Influenza D virus"": 1}","balFluid","bovine","{""respiration"": {""generalClinicalSigns"": [], ""respirationClinicalSigns"": [""coughing""]}}","5093","BE"
"5126","2021-11-16 12:01:00","{""Mesomycoplasma dispar"": 5}","balFluid","bovine","{""respiration"": {""generalClinicalSigns"": [], ""respirationClinicalSigns"": [""coughing""]}}","5125","BE"
"5127","2021-11-16 12:01:00","{""Mesomycoplasma dispar"": 5}","balFluid","bovine","{""respiration"": {""generalClinicalSigns"": [], ""respirationClinicalSigns"": [""coughing""]}}","5125","BE"
"5128","2021-11-16 12:01:00","{""Mycoplasmopsis bovirhinis"": 1, ""Mesomycoplasma dispar"": 5}","balFluid","bovine","{""respiration"": {""generalClinicalSigns"": [], ""respirationClinicalSigns"": [""coughing""]}}","5125","BE"
"5129","2021-11-16 12:01:00","{""Mycoplasmopsis bovirhinis"": 1, ""Mesomycoplasma dispar"": 5}","balFluid","bovine","{""respiration"": {""generalClinicalSigns"": [], ""respirationClinicalSigns"": [""coughing""]}}","5125","BE"
"5181","2021-11-18 16:28:51","{""Mycoplasmopsis bovirhinis"": 1, ""Mesomycoplasma dispar"": 5}","balFluid","bovine","{""respiration"": {""generalClinicalSigns"": [], ""respirationClinicalSigns"": [""sneezing""]}}","5180","BE"
"5219","2021-11-23 11:00:45","{""Bovine orthopneumovirus"": 5, ""Bovine rhinitis B virus"": 1}","balFluid","bovine","{""respiration"": {""generalClinicalSigns"": [], ""respirationClinicalSigns"": [""sneezing""]}}","5218","BE"
"5220","2021-11-23 11:00:45","{""Pasteurella multocida"": 3, ""Bovine respirovirus 3"": 1, ""Mycoplasmopsis bovis"": 3, ""Mesomycoplasma dispar"": 5}","balFluid","bovine","{""respiration"": {""generalClinicalSigns"": [], ""respirationClinicalSigns"": [""sneezing""]}}","5218","BE"
"5221","2021-11-23 11:00:45","{""Acinetobacter"": 1, ""Pasteurella multocida"": 3, ""Mesomycoplasma dispar"": 3}","balFluid","bovine","{""respiration"": {""generalClinicalSigns"": [], ""respirationClinicalSigns"": [""sneezing""]}}","5218","BE"
"5222","2021-11-23 11:00:45","{""Pasteurella"": 1, ""Bovine respirovirus 3"": 1, ""Mycoplasmopsis bovis"": 1, ""Metamycoplasma alkalescens"": 5, ""Mesomycoplasma dispar"": 5}","balFluid","bovine","{""respiration"": {""generalClinicalSigns"": [], ""respirationClinicalSigns"": [""sneezing""]}}","5218","BE"
"5223","2021-11-23 11:00:45","{""Acinetobacter"": 1, ""Mycoplasmopsis bovis"": 1, ""Mesomycoplasma dispar"": 1}","balFluid","bovine","{""respiration"": {""generalClinicalSigns"": [], ""respirationClinicalSigns"": [""sneezing""]}}","5218","BE"
"5533","2021-12-03 13:21:15","{""Mesomycoplasma dispar"": 1}","balFluid","bovine","{""respiration"": {""generalClinicalSigns"": [], ""respirationClinicalSigns"": [""coughing""]}}","5532","BE"
"5534","2021-12-03 13:21:15","{""Bovine orthopneumovirus"": 3, ""Mycoplasmopsis bovirhinis"": 1, ""Mesomycoplasma dispar"": 1}","balFluid","bovine","{""respiration"": {""generalClinicalSigns"": [], ""respirationClinicalSigns"": [""coughing""]}}","5532","BE"
"5535","2021-12-03 13:21:15","{""Pasteurella multocida"": 3, ""Bovine orthopneumovirus"": 1, ""Mycoplasmopsis bovirhinis"": 1, ""Mesomycoplasma dispar"": 3, ""Influenza D virus"": 1}","balFluid","bovine","{""respiration"": {""generalClinicalSigns"": [], ""respirationClinicalSigns"": [""coughing""]}}","5532","BE"
"5536","2021-12-03 13:21:15","{""Pasteurella"": 1, ""Bovine orthopneumovirus"": 1, ""Mycoplasmopsis bovirhinis"": 1}","balFluid","bovine","{""respiration"": {""generalClinicalSigns"": [], ""respirationClinicalSigns"": [""coughing""]}}","5532","BE"
"5537","2021-12-03 13:21:15","{""Mycoplasmopsis bovirhinis"": 1, ""Mesomycoplasma dispar"": 3}","balFluid","bovine","{""respiration"": {""generalClinicalSigns"": [], ""respirationClinicalSigns"": [""coughing""]}}","5532","BE"
"5912","2021-12-22 13:21:49","{""Mesomycoplasma dispar"": 3}","balFluid","bovine","{""respiration"": {""generalClinicalSigns"": [], ""respirationClinicalSigns"": [""coughing""]}}","5911","BE"
"5913","2021-12-22 13:21:49","{""Mesomycoplasma dispar"": 3}","balFluid","bovine","{""respiration"": {""generalClinicalSigns"": [], ""respirationClinicalSigns"": [""coughing""]}}","5911","BE"
"5914","2021-12-22 13:21:49","{""Mesomycoplasma dispar"": 5}","balFluid","bovine","{""respiration"": {""generalClinicalSigns"": [], ""respirationClinicalSigns"": [""coughing""]}}","5911","BE"
"5915","2021-12-22 13:21:49","{""Mesomycoplasma dispar"": 5}","balFluid","bovine","{""respiration"": {""generalClinicalSigns"": [], ""respirationClinicalSigns"": [""coughing""]}}","5911","BE"
"5953","2022-01-04 09:32:01","{""Pseudomonas"": 1, ""Corynebacterium"": 1, ""Mannheimia"": 1}","balFluid","bovine","{""respiration"": {""generalClinicalSigns"": [], ""respirationClinicalSigns"": [""dyspnea""]}}","5952","BE"
"6127","2022-01-12 14:21:50","{""Pasteurella"": 1, ""Ureaplasma"": 1, ""Mesomycoplasma dispar"": 5, ""Bovine rhinitis B virus"": 1}","balFluid","bovine","{""respiration"": {""generalClinicalSigns"": [], ""respirationClinicalSigns"": [""coughing""]}}","6126","BE"
"6139","2022-01-14 12:04:04","{""Pseudomonas"": 3, ""Aeromonas"": 5, ""Mycoplasmopsis arginini"": 3, ""Influenza D virus"": 5}","balFluid","bovine","{""respiration"": {""generalClinicalSigns"": [""fever"", ""depression"", ""decreasedAppetite"", ""lessMilk""], ""respirationClinicalSigns"": [""nasalDischarge"", ""coughing"", ""dyspnea""]}}","6138","BE"
"6162","2022-01-14 15:10:21","{""Bovine adenovirus 3"": 1, ""Bovine coronavirus"": 1, ""Bovine respirovirus 3"": 1, ""Mycoplasmopsis bovis"": 5, ""bovine rhinitis B virus 2"": 1}","balFluid","bovine","{""respiration"": {""generalClinicalSigns"": [""increasedMortality""], ""respirationClinicalSigns"": [""coughing"", ""nasalDischarge""]}}","6161","BE"
"6188","2022-01-20 13:23:38","{""Bovine coronavirus"": 1, ""Mesomycoplasma dispar"": 5}","balFluid","bovine","{""respiration"": {""generalClinicalSigns"": [""fever""], ""respirationClinicalSigns"": [""coughing""]}}","6187","BE"
"6191","2022-01-20 13:28:02","{""Bovine coronavirus"": 5, ""Mesomycoplasma dispar"": 3}","balFluid","bovine","{""respiration"": {""generalClinicalSigns"": [""fever""], ""respirationClinicalSigns"": [""coughing""]}}","6190","BE"
"6192","2022-01-20 13:28:02","{""Bovine coronavirus"": 5, ""Mesomycoplasma dispar"": 3}","balFluid","bovine","{""respiration"": {""generalClinicalSigns"": [""fever""], ""respirationClinicalSigns"": [""coughing""]}}","6190","BE"
"6193","2022-01-20 13:28:02","{""Bovine coronavirus"": 5, ""Mesomycoplasma dispar"": 3}","balFluid","bovine","{""respiration"": {""generalClinicalSigns"": [""fever""], ""respirationClinicalSigns"": [""coughing""]}}","6190","BE"
"6194","2022-01-20 13:28:02","{""Mesomycoplasma dispar"": 3}","balFluid","bovine","{""respiration"": {""generalClinicalSigns"": [""fever""], ""respirationClinicalSigns"": [""coughing""]}}","6190","BE"
"6195","2022-01-20 13:28:02","{""Bovine coronavirus"": 1, ""Mesomycoplasma dispar"": 1}","balFluid","bovine","{""respiration"": {""generalClinicalSigns"": [""fever""], ""respirationClinicalSigns"": [""coughing""]}}","6190","BE"
"6221","2022-01-21 15:18:48","{""Bovine coronavirus"": 1, ""Bovine orthopneumovirus"": 1, ""Mycoplasmopsis bovis"": 3, ""Mesomycoplasma dispar"": 1}","balFluid","bovine","{""respiration"": {""generalClinicalSigns"": [""fever""], ""respirationClinicalSigns"": [""nasalDischarge"", ""coughing""]}}","6220","BE"
"6235","2022-01-24 10:04:24","{""Bovine coronavirus"": 1, ""Mesomycoplasma dispar"": 1}","noseSwab","bovine","{""respiration"": {""generalClinicalSigns"": [""fever""], ""respirationClinicalSigns"": [""coughing""]}}","6234","BE"
"6380","2022-01-26 15:24:22","{""Mycoplasma"": 1}","balFluid","bovine","{""respiration"": {""generalClinicalSigns"": [""fever""], ""respirationClinicalSigns"": [""coughing""]}}","6379","BE"
"6381","2022-01-26 15:24:22","{""Mycoplasma"": 1}","balFluid","bovine","{""respiration"": {""generalClinicalSigns"": [""fever""], ""respirationClinicalSigns"": [""coughing""]}}","6379","BE"
"6382","2022-01-26 15:24:22","{""Serratia"": 1, ""Brachybacterium"": 1, ""Mesomycoplasma dispar"": 1}","balFluid","bovine","{""respiration"": {""generalClinicalSigns"": [""fever""], ""respirationClinicalSigns"": [""coughing""]}}","6379","BE"
"6383","2022-01-26 15:24:22","{""Mesomycoplasma dispar"": 3, ""Histophilus"": 1}","balFluid","bovine","{""respiration"": {""generalClinicalSigns"": [""fever""], ""respirationClinicalSigns"": [""coughing""]}}","6379","BE"
"6384","2022-01-26 15:24:22","{""Mesomycoplasma dispar"": 3}","balFluid","bovine","{""respiration"": {""generalClinicalSigns"": [""fever""], ""respirationClinicalSigns"": [""coughing""]}}","6379","BE"
"6426","2022-01-28 16:07:10","{""Treponema"": 1, ""Fibrobacter"": 5, ""Prevotella"": 5, ""Mycoplasma"": 1, ""Succinivibrio"": 3, ""Mesomycoplasma dispar"": 1, ""Picobirnavirus"": 3}","balFluid","bovine","{""respiration"": {""generalClinicalSigns"": [], ""respirationClinicalSigns"": [""coughing"", ""nasalDischarge""]}}","6425","BE"
"6460","2022-02-01 16:08:18","{""Mycoplasmopsis bovis"": 1, ""Mesomycoplasma dispar"": 1, ""Bovine adeno-associated virus"": 1, ""Bovine rhinitis B virus"": 1}","balFluid","bovine","{""respiration"": {""generalClinicalSigns"": [], ""respirationClinicalSigns"": [""coughing""]}}","6459","BE"
"6469","2022-02-02 16:09:41","{""Mycoplasmopsis arginini"": 5, ""Mycoplasmopsis bovis"": 3, ""Mycoplasmopsis bovirhinis"": 3, ""Bovine rhinitis A virus"": 1, ""Bovine astrovirus"": 5}","balFluid","bovine","{""respiration"": {""generalClinicalSigns"": [""fever"", ""depression"", ""decreasedAppetite"", ""lessMilk"", ""reducedRumenMotility""], ""respirationClinicalSigns"": [""coughing""]}}","6468","BE"
"6476","2022-02-03 15:10:11","{""Mesomycoplasma dispar"": 1}","balFluid","bovine","{""respiration"": {""generalClinicalSigns"": [], ""respirationClinicalSigns"": [""coughing""]}}","6475","BE"
"6580","2022-02-09 15:15:26","{""Bovine coronavirus"": 3, ""Mycoplasmopsis bovis"": 1, ""Mycoplasmopsis bovirhinis"": 1, ""Mannheimia"": 1, ""Mesomycoplasma dispar"": 3, ""Bovine polyomavirus 2"": 1}","balFluid","bovine","{""respiration"": {""generalClinicalSigns"": [""fever""], ""respirationClinicalSigns"": [""coughing""]}}","6579","BE"
"6594","2022-02-09 15:53:51","{""Bovine orthopneumovirus"": 5, ""Mesomycoplasma dispar"": 1}","balFluid","bovine","{""respiration"": {""generalClinicalSigns"": [], ""respirationClinicalSigns"": [""sneezing"", ""coughing""]}}","6593","BE"
"6625","2022-02-11 14:56:51","{""Pasteurella"": 1, ""Bovine coronavirus"": 3, ""Mesomycoplasma dispar"": 5, ""Bovine rhinitis A virus"": 1}","balFluid","bovine","{""respiration"": {""generalClinicalSigns"": [""fever""], ""respirationClinicalSigns"": [""coughing""]}}","6624","BE"
"6691","2022-02-17 11:41:57","{""Pseudomonas"": 1, ""Mycoplasmopsis bovigenitalium"": 1, ""Mesomycoplasma dispar"": 1, ""Picobirnavirus"": 1}","balFluid","bovine","{""respiration"": {""generalClinicalSigns"": [""fever""], ""respirationClinicalSigns"": [""coughing""]}}","6690","BE"
"6729","2022-02-18 14:53:39","{""Pseudomonas"": 5, ""Mycoplasmopsis arginini"": 1, ""Bovine parvovirus"": 1, ""Mycoplasmopsis bovis"": 1, ""Mesomycoplasma dispar"": 1, ""Influenza D virus"": 1}","balFluid","bovine","{""respiration"": {""generalClinicalSigns"": [], ""respirationClinicalSigns"": [""coughing""]}}","6728","BE"
"6738","2022-02-18 15:14:48","{""Bovine coronavirus"": 1, ""Mycoplasmopsis bovis"": 3, ""Mycoplasmopsis bovirhinis"": 1, ""Ureaplasma diversum"": 1, ""Mesomycoplasma dispar"": 1}","balFluid","bovine","{""respiration"": {""generalClinicalSigns"": [], ""respirationClinicalSigns"": [""coughing""]}}","6737","BE"
"6739","2022-02-18 15:14:48","{""Bovine orthopneumovirus"": 3, ""Mycoplasmopsis bovirhinis"": 1, ""Mesomycoplasma dispar"": 1, ""Bovine rhinitis A virus"": 1}","balFluid","bovine","{""respiration"": {""generalClinicalSigns"": [], ""respirationClinicalSigns"": [""coughing""]}}","6737","BE"
"6740","2022-02-18 15:14:48","{""Mycoplasmopsis arginini"": 1, ""Bovine orthopneumovirus"": 3, ""Mycoplasmopsis bovirhinis"": 1, ""Ureaplasma diversum"": 1}","balFluid","bovine","{""respiration"": {""generalClinicalSigns"": [], ""respirationClinicalSigns"": [""coughing""]}}","6737","BE"
"6741","2022-02-18 15:14:48","{""Mycoplasmopsis arginini"": 1, ""Bovine coronavirus"": 3, ""Mycoplasmopsis bovirhinis"": 1, ""Mesomycoplasma dispar"": 1, ""Bovine rhinitis A virus"": 1}","balFluid","bovine","{""respiration"": {""generalClinicalSigns"": [], ""respirationClinicalSigns"": [""coughing""]}}","6737","BE"
"6744","2022-02-18 15:16:12","{""Mycoplasmopsis arginini"": 3, ""Bovine coronavirus"": 1, ""Mycoplasmopsis bovis"": 1, ""Mycoplasmopsis bovirhinis"": 1, ""Ureaplasma diversum"": 1, ""Mesomycoplasma dispar"": 1}","balFluid","bovine","{""respiration"": {""generalClinicalSigns"": [], ""respirationClinicalSigns"": [""coughing""]}}","6743","BE"
"6779","2022-02-23 15:02:17","NULL","balFluid","bovine","{""respiration"": {""generalClinicalSigns"": [""fever"", ""lessMilk""], ""respirationClinicalSigns"": [""coughing"", ""nasalDischarge""]}}","6778","BE"
"6797","2022-02-24 16:18:18","{""Bovine coronavirus"": 1, ""Mycoplasmopsis bovirhinis"": 1, ""Mesomycoplasma dispar"": 5}","balFluid","bovine","{""respiration"": {""generalClinicalSigns"": [""fever""], ""respirationClinicalSigns"": [""coughing""]}}","6796","BE"
"6798","2022-02-24 16:18:18","{""Bovine coronavirus"": 3, ""Mesomycoplasma dispar"": 1}","balFluid","bovine","{""respiration"": {""generalClinicalSigns"": [""fever""], ""respirationClinicalSigns"": [""coughing""]}}","6796","BE"
"6799","2022-02-24 16:18:18","{""Bovine coronavirus"": 3, ""Mesomycoplasma dispar"": 5}","balFluid","bovine","{""respiration"": {""generalClinicalSigns"": [""fever""], ""respirationClinicalSigns"": [""coughing""]}}","6796","BE"
"6800","2022-02-24 16:18:18","{""Bovine orthopneumovirus"": 1, ""Mesomycoplasma dispar"": 5}","balFluid","bovine","{""respiration"": {""generalClinicalSigns"": [""fever""], ""respirationClinicalSigns"": [""coughing""]}}","6796","BE"
"6826","2022-03-01 14:57:12","{""Bovine coronavirus"": 1, ""Mycoplasmopsis bovis"": 1, ""Mycoplasmopsis bovirhinis"": 1, ""Influenza D virus"": 1}","balFluid","bovine","{""respiration"": {""generalClinicalSigns"": [], ""respirationClinicalSigns"": [""nasalDischarge""]}}","6825","BE"
"6945","2022-03-11 15:56:53","{""Pasteurella multocida"": 1, ""Prevotella"": 5, ""Ureaplasma"": 1, ""Bovine coronavirus"": 3, ""Mycoplasmopsis bovis"": 3, ""Mesomycoplasma dispar"": 3}","balFluid","bovine","{""respiration"": {""generalClinicalSigns"": [], ""respirationClinicalSigns"": [""coughing""]}}","6944","BE"
"6946","2022-03-11 15:56:53","{""Pasteurella multocida"": 1, ""Bovine coronavirus"": 1, ""Mycoplasmopsis bovis"": 1, ""Mesomycoplasma dispar"": 5}","balFluid","bovine","{""respiration"": {""generalClinicalSigns"": [], ""respirationClinicalSigns"": [""coughing""]}}","6944","BE"
"6947","2022-03-11 15:56:53","{""Bovine coronavirus"": 3, ""Mycoplasmopsis bovis"": 1, ""Mesomycoplasma dispar"": 3}","balFluid","bovine","{""respiration"": {""generalClinicalSigns"": [], ""respirationClinicalSigns"": [""coughing""]}}","6944","BE"
"6948","2022-03-11 15:56:53","{""Bovine coronavirus"": 5, ""Mycoplasmopsis bovis"": 1, ""Mesomycoplasma dispar"": 5}","balFluid","bovine","{""respiration"": {""generalClinicalSigns"": [], ""respirationClinicalSigns"": [""coughing""]}}","6944","BE"
"6949","2022-03-11 15:56:53","{""Bovine coronavirus"": 5, ""Mycoplasmopsis bovis"": 1, ""Mesomycoplasma dispar"": 1}","balFluid","bovine","{""respiration"": {""generalClinicalSigns"": [], ""respirationClinicalSigns"": [""coughing""]}}","6944","BE"
"7079","2022-03-22 09:32:50","{""Bovine coronavirus"": 1, ""Mycoplasmopsis bovirhinis"": 1, ""Mesomycoplasma dispar"": 3}","noseSwab","bovine","{""respiration"": {""generalClinicalSigns"": [], ""respirationClinicalSigns"": [""sneezing"", ""coughing""]}}","7078","BE"
"7131","2022-03-24 15:26:37","{""Ureaplasma"": 1, ""Bovine coronavirus"": 1, ""Mycoplasmopsis bovirhinis"": 3, ""Mesomycoplasma dispar"": 5}","balFluid","bovine","{""respiration"": {""generalClinicalSigns"": [""fever""], ""respirationClinicalSigns"": [""coughing"", ""dyspnea""]}}","7130","BE"
"7137","2022-03-25 13:26:16","{""Mycoplasmopsis bovis"": 1, ""Mesomycoplasma dispar"": 1}","balFluid","bovine","{""respiration"": {""generalClinicalSigns"": [""fever""], ""respirationClinicalSigns"": [""coughing""]}}","7136","BE"
"7138","2022-03-25 13:26:16","{""Mycoplasmopsis bovis"": 1, ""Mesomycoplasma dispar"": 1}","balFluid","bovine","{""respiration"": {""generalClinicalSigns"": [""fever""], ""respirationClinicalSigns"": [""coughing""]}}","7136","BE"
"7139","2022-03-25 13:26:16","{""Mycoplasmopsis bovis"": 1, ""Mesomycoplasma dispar"": 3}","balFluid","bovine","{""respiration"": {""generalClinicalSigns"": [""fever""], ""respirationClinicalSigns"": [""coughing""]}}","7136","BE"
"7140","2022-03-25 13:26:16","{""Mesomycoplasma dispar"": 3}","balFluid","bovine","{""respiration"": {""generalClinicalSigns"": [""fever""], ""respirationClinicalSigns"": [""coughing""]}}","7136","BE"
"7141","2022-03-25 13:26:16","{""Mesomycoplasma dispar"": 1}","balFluid","bovine","{""respiration"": {""generalClinicalSigns"": [""fever""], ""respirationClinicalSigns"": [""coughing""]}}","7136","BE"
"7256","2022-03-31 19:31:48","{""Mycoplasmopsis bovirhinis"": 1, ""Mesomycoplasma dispar"": 5}","balFluid","bovine","{""respiration"": {""generalClinicalSigns"": [""fever"", ""lessMilk""], ""respirationClinicalSigns"": [""nasalDischarge"", ""coughing""]}}","7255","BE"
"7643","2022-04-26 13:55:49","{""Bovine coronavirus"": 1, ""Mycoplasmopsis bovirhinis"": 3, ""Mesomycoplasma dispar"": 3}","balFluid","bovine","{""respiration"": {""generalClinicalSigns"": [], ""respirationClinicalSigns"": [""coughing""]}}","7642","BE"
"7644","2022-04-26 13:55:49","{""Mesomycoplasma dispar"": 3}","balFluid","bovine","{""respiration"": {""generalClinicalSigns"": [], ""respirationClinicalSigns"": [""coughing""]}}","7642","BE"
"7645","2022-04-26 13:55:49","{""Mycoplasmopsis bovirhinis"": 3, ""Mesomycoplasma dispar"": 3}","balFluid","bovine","{""respiration"": {""generalClinicalSigns"": [], ""respirationClinicalSigns"": [""coughing""]}}","7642","BE"
"7646","2022-04-26 13:55:49","{""Mesomycoplasma dispar"": 5}","balFluid","bovine","{""respiration"": {""generalClinicalSigns"": [], ""respirationClinicalSigns"": [""coughing""]}}","7642","BE"
"7670","2022-04-28 10:47:50","{""Bovine coronavirus"": 1, ""Mycoplasmopsis bovis"": 1, ""Mannheimia"": 1, ""Mesomycoplasma dispar"": 5}","balFluid","bovine","{""respiration"": {""generalClinicalSigns"": [], ""respirationClinicalSigns"": [""sneezing"", ""coughing""]}}","7669","BE"
"7671","2022-04-28 10:47:50","{""Mycoplasmopsis bovis"": 1, ""Mycoplasmopsis bovirhinis"": 1, ""Mesomycoplasma dispar"": 1}","balFluid","bovine","{""respiration"": {""generalClinicalSigns"": [], ""respirationClinicalSigns"": [""sneezing"", ""coughing""]}}","7669","BE"
"7672","2022-04-28 10:47:50","{""Pasteurella multocida"": 3, ""Mycoplasmopsis bovirhinis"": 1, ""Mesomycoplasma dispar"": 1}","balFluid","bovine","{""respiration"": {""generalClinicalSigns"": [], ""respirationClinicalSigns"": [""sneezing"", ""coughing""]}}","7669","BE"
"7673","2022-04-28 10:47:50","{""Bovine coronavirus"": 1}","balFluid","bovine","{""respiration"": {""generalClinicalSigns"": [], ""respirationClinicalSigns"": [""sneezing"", ""coughing""]}}","7669","BE"
"7674","2022-04-28 10:47:50","NULL","balFluid","bovine","{""respiration"": {""generalClinicalSigns"": [], ""respirationClinicalSigns"": [""sneezing"", ""coughing""]}}","7669","BE"
"7809","2022-05-06 10:18:09","{""Mycoplasmopsis bovis"": 1, ""Mesomycoplasma dispar"": 3, ""Bovine rhinitis B virus"": 1}","balFluid","bovine","{""respiration"": {""generalClinicalSigns"": [], ""respirationClinicalSigns"": [""sneezing"", ""coughing""]}}","7808","BE"
"7870","2022-05-11 14:33:02","{""Mycoplasmopsis bovis"": 1, ""Metamycoplasma alkalescens"": 3, ""Influenza D virus"": 1}","balFluid","bovine","{""respiration"": {""generalClinicalSigns"": [], ""respirationClinicalSigns"": [""sneezing"", ""coughing""]}}","7869","BE"
"8115","2022-05-31 14:46:45","{""Mycoplasma"": 1}","balFluid","bovine","{""respiration"": {""generalClinicalSigns"": [""fever"", ""depression"", ""decreasedAppetite"", ""lessMilk"", ""reducedRumenMotility""], ""respirationClinicalSigns"": [""nasalDischarge"", ""coughing""]}}","8114","BE"
"8132","2022-06-01 11:31:26","{""Mesomycoplasma dispar"": 5}","balFluid","bovine","{""respiration"": {""generalClinicalSigns"": [""fever""], ""respirationClinicalSigns"": [""coughing""]}}","8131","BE"
"8133","2022-06-01 11:31:26","{""Ureaplasma"": 1, ""Mesomycoplasma dispar"": 1}","balFluid","bovine","{""respiration"": {""generalClinicalSigns"": [""fever""], ""respirationClinicalSigns"": [""coughing""]}}","8131","BE"
"8134","2022-06-01 11:31:26","{""Paracoccus"": 1, ""Ureaplasma"": 1, ""Bovine adenovirus 4"": 1, ""Mesomycoplasma dispar"": 5}","balFluid","bovine","{""respiration"": {""generalClinicalSigns"": [""fever""], ""respirationClinicalSigns"": [""coughing""]}}","8131","BE"
"8135","2022-06-01 11:31:26","{""Pasteurella"": 1, ""Ureaplasma"": 1, ""Bovine orthopneumovirus"": 1, ""Mesomycoplasma dispar"": 1}","balFluid","bovine","{""respiration"": {""generalClinicalSigns"": [""fever""], ""respirationClinicalSigns"": [""coughing""]}}","8131","BE"
"8136","2022-06-01 11:31:26","{""Bovine orthopneumovirus"": 3, ""Mesomycoplasma dispar"": 1}","balFluid","bovine","{""respiration"": {""generalClinicalSigns"": [""fever""], ""respirationClinicalSigns"": [""coughing""]}}","8131","BE"
"8254","2022-06-08 15:51:56","{""Mesomycoplasma dispar"": 3}","balFluid","bovine","{""respiration"": {""generalClinicalSigns"": [], ""respirationClinicalSigns"": [""coughing""]}}","8253","BE"
"8255","2022-06-08 15:51:56","{""Bovine orthopneumovirus"": 5, ""Mesomycoplasma dispar"": 1}","balFluid","bovine","{""respiration"": {""generalClinicalSigns"": [], ""respirationClinicalSigns"": [""coughing""]}}","8253","BE"
"8499","2022-06-29 10:16:32","{""Mycoplasmopsis bovirhinis"": 1}","balFluid","bovine","{""respiration"": {""generalClinicalSigns"": [], ""respirationClinicalSigns"": [""sneezing""]}}","8498","BE"
"8650","2022-07-12 14:22:06","NULL","balFluid","bovine","{""respiration"": {""generalClinicalSigns"": [""fever"", ""depression"", ""decreasedAppetite"", ""lessMilk""], ""respirationClinicalSigns"": [""nasalDischarge"", ""dyspnea""]}}","8649","BE"
"8754","2022-07-25 16:42:23","NULL","balFluid","bovine","{""respiration"": {""generalClinicalSigns"": [], ""respirationClinicalSigns"": [""sneezing""]}}","8753","BE"
